response,organization
"I absolutely love working here! The team is amazing and the projects are exciting.",TechCorp
"The work is fine I guess. Nothing special but nothing terrible either.",DataCo
"I'm very frustrated with the lack of support and resources.",TechCorp
"This has been a wonderful experience. Couldn't be happier!",InnovateLabs
"Everything is okay. Could be better could be worse.",DataCo
"I'm deeply disappointed with how things have been handled.",InnovateLabs
"The opportunities for growth here are incredible!",TechCorp
"It's alright. Just another day at the office.",DataCo
"I'm concerned about the direction we're heading.",InnovateLabs
"Best decision I ever made joining this organization!",TechCorp
